symbol,trend,momentum,volatility,macd,volume,forest,xgb,lstm
BTC/USDT,1.0,0.97,0.82,0.97,1.0,0.97,0.97,1.0
ETH/USDT,0.7799999999999999,0.82,0.85,0.7899999999999999,0.92,0.94,0.88,0.91
SOL/USDT,1.0,0.97,0.97,1.0,1.0,0.97,0.97,0.97
XRP/USDT,1.0,0.97,0.7199999999999986,1.0,1.0,0.97,0.97,1.0
DOGE/USDT,0.97,0.94,0.699999999999999,0.97,1.0,0.97,0.97,0.97
ADA/USDT,1.0,0.97,0.96,0.97,1.0,0.97,0.97,1.0
AVAX/USDT,0.99,0.91,0.88,0.92,0.97,0.9,0.91,0.7999999999999999
LINK/USDT,0.93,0.91,0.5099999999999996,0.93,0.9,0.88,0.87,0.87
DOT/USDT,0.87,0.96,0.86,0.9,0.94,0.97,0.95,0.94
SUI/USDT,0.7199999999999999,0.8099999999999999,0.6599999999999998,0.99,0.99,0.96,0.9,0.9299999999999999
